"quantity","value","se","z","p","note"
"oddsRatio(envFeedback ON vs OFF)",0.9804773245840481,"","","","effect size"
"riskDifference",-0.004928689158733901,"","","","effect size"
"Cramer's V",0.003971330196804027,"","","","effect size"
"Cohen's h",-0.009857629152150604,"","","","effect size"
"factorialInteraction.logOdds",-0.17528781483903483,0.06030300547548723,-2.9067840559006326,0.0036517862800731216,"2x2 factorial (sv x ef), log-odds"
"chiSquare.skillLevel.p",0.8522647734255928,"","",0.8522647734255928,"PRIMARY (skill-level)"
"chiSquare.executionLevel.p",1.2860284392957055e-8,"","",1.2860284392957055e-8,"DIAGNOSTIC ONLY (pseudo-replication)"
"mcnemar.p",8.881784197001252e-16,"","",8.881784197001252e-16,"chi-square"
"power.minDetectableEffectAt80(pp)",8.41712110792456,"","","","nSkillsPerCell=550"
"","","","","","--- Holm step-down (alpha=0.05) ---"
"envFeedback.skillLevelChiSquare","","","",0.8522647734255928,"adjP=0.8522647734255928 reject=false"
"envFeedback.mcnemar","","","",8.881784197001252e-16,"adjP=2.6645352591003757e-15 reject=true"
"svXef.factorialInteraction","","","",0.0036517862800731216,"adjP=0.007303572560146243 reject=true"
